,current_ratio,quick_ratio,cash_ratio
zero_shot,0.200000,0.600000,0.000000
few_shot,0.600000,1.000000,0.000000
fine_tuned,0.800000,0.800000,1.000000
